{
  "chosen_method": "TSAI",
  "n_pairs_used": 96,
  "T_cam2tcp": [
    [
      0.19902134207275812,
      -0.9783798957304763,
      -0.05624308873079684,
      0.06955234357937608
    ],
    [
      0.9770849939699895,
      0.2025228877618227,
      -0.06549346907346977,
      -0.018270488431921156
    ],
    [
      0.07546800618953395,
      -0.04191967990138158,
      0.9962666914429802,
      -0.009498088684011445
    ],
    [
      0.0,
      0.0,
      0.0,
      1.0
    ]
  ],
  "camera_matrix": [
    [
      707.4775252753817,
      0.0,
      310.95697380995495
    ],
    [
      0.0,
      703.1020169908918,
      172.72293643213968
    ],
    [
      0.0,
      0.0,
      1.0
    ]
  ],
  "dist_coeffs": [
    [
      21.66705780499986,
      65.79967756773722,
      -0.006908290524499697,
      -0.024429042026812023,
      44.04108098775976,
      21.06065879704543,
      70.61824376988902,
      -2.1230296782083746,
      0.0,
      0.0,
      0.0,
      0.0,
      0.0,
      0.0
    ]
  ],
  "all_methods": {
    "TSAI": {
      "T_cam2tcp": [
        [
          0.19902134207275812,
          -0.9783798957304763,
          -0.05624308873079684,
          0.06955234357937608
        ],
        [
          0.9770849939699895,
          0.2025228877618227,
          -0.06549346907346977,
          -0.018270488431921156
        ],
        [
          0.07546800618953395,
          -0.04191967990138158,
          0.9962666914429802,
          -0.009498088684011445
        ],
        [
          0.0,
          0.0,
          0.0,
          1.0
        ]
      ],
      "t_norm_cm": 7.25365627361394,
      "axb_rot_deg": 0.3114864447881456,
      "axb_t_cm": 0.5035256959173314,
      "orthogonality_err": 3.7590825340502748e-16
    },
    "PARK": {
      "T_cam2tcp": [
        [
          0.199000861501935,
          -0.9783695712763015,
          -0.056494593742353674,
          0.06966201172223825
        ],
        [
          0.9771042061376227,
          0.20251088067674008,
          -0.0652434943553483,
          -0.018382236894469016
        ],
        [
          0.07527301953324861,
          -0.042217593585579194,
          0.9962688629693242,
          -0.009488923665877454
        ],
        [
          0.0,
          0.0,
          0.0,
          1.0
        ]
      ],
      "t_norm_cm": 7.266871529599575,
      "axb_rot_deg": 0.31160991460512005,
      "axb_t_cm": 0.503861744921911,
      "orthogonality_err": 1.0019331258462254e-15
    },
    "HORAUD": {
      "T_cam2tcp": [
        [
          0.1989951689703373,
          -0.9783701040186679,
          -0.05650541822664118,
          0.06966717375450392
        ],
        [
          0.9771053879045333,
          0.20250591537308216,
          -0.06524120758264308,
          -0.018383304200681926
        ],
        [
          0.07527272849045882,
          -0.04222906346831322,
          0.9962683988485186,
          -0.009488569298188709
        ],
        [
          0.0,
          0.0,
          0.0,
          1.0
        ]
      ],
      "t_norm_cm": 7.267388746724354,
      "axb_rot_deg": 0.3116257537334626,
      "axb_t_cm": 0.5037687714988309,
      "orthogonality_err": 4.0233109105331733e-16
    },
    "ANDREFF": {
      "T_cam2tcp": [
        [
          0.19828130780055525,
          -0.9785185296857856,
          -0.05644475208972185,
          0.06872358298848058
        ],
        [
          0.9772531442211675,
          0.20178877911659365,
          -0.06525013971231197,
          -0.018463816063251412
        ],
        [
          0.07523838838480736,
          -0.04222292841813881,
          0.9962712528368235,
          0.0018476397946332601
        ],
        [
          0.0,
          0.0,
          0.0,
          1.0
        ]
      ],
      "t_norm_cm": 7.1184669242772145,
      "axb_rot_deg": 0.3133319139514434,
      "axb_t_cm": 1.1053228324628765,
      "orthogonality_err": 4.822590243685714e-16
    },
    "DANIILIDIS": {
      "T_cam2tcp": [
        [
          0.19782481740531788,
          -0.978637940905859,
          -0.055974299799932514,
          0.06929533655704226
        ],
        [
          0.9773135163090692,
          0.20132010632534325,
          -0.06579137959303671,
          -0.017810922328073246
        ],
        [
          0.07565469224149426,
          -0.04168927210557363,
          0.9962622004940026,
          -0.009569413266232937
        ],
        [
          0.0,
          0.0,
          0.0,
          1.0
        ]
      ],
      "t_norm_cm": 7.218480652457532,
      "axb_rot_deg": 0.317280538254625,
      "axb_t_cm": 0.4757787888729497,
      "orthogonality_err": 5.027903556405976e-16
    }
  },
  "mount_config": {
    "robot_model": "UR10",
    "mount_joint": 6,
    "note": "standard eye-in-hand: T_cam -> TCP"
  },
  "data_quality": {
    "n_pairs": 96,
    "rotation_diversity_deg": 55.17578356151563,
    "chosen_axb_rot_deg": 0.3114864447881456,
    "chosen_axb_t_cm": 0.5035256959173314
  }
}